{
  "lr": 0.0003385411072501414,
  "weight_decay": 6.473169608362886e-05,
  "dropout": 0.5936083897821617,
  "label_smoothing": 0.09597773956829538,
  "epochs": 12,
  "batch_size": 16,
  "onecycle_pct_start": 0.2909130491341355,
  "ema_decay": 0.995704246471735
}